<?xml version="1.0" encoding="UTF-8"?>

<mule xmlns:dw="http://www.mulesoft.org/schema/mule/ee/dw" xmlns:json="http://www.mulesoft.org/schema/mule/json" xmlns:http="http://www.mulesoft.org/schema/mule/http" xmlns:paypal="http://www.mulesoft.org/schema/mule/paypal" xmlns:tracking="http://www.mulesoft.org/schema/mule/ee/tracking" xmlns="http://www.mulesoft.org/schema/mule/core" xmlns:doc="http://www.mulesoft.org/schema/mule/documentation"
	xmlns:spring="http://www.springframework.org/schema/beans" version="EE-3.7.0"
	xmlns:xsi="http://www.w3.org/2001/XMLSchema-instance"
	xsi:schemaLocation="http://www.springframework.org/schema/beans http://www.springframework.org/schema/beans/spring-beans-current.xsd
http://www.mulesoft.org/schema/mule/core http://www.mulesoft.org/schema/mule/core/current/mule.xsd
http://www.mulesoft.org/schema/mule/http http://www.mulesoft.org/schema/mule/http/current/mule-http.xsd
http://www.mulesoft.org/schema/mule/ee/tracking http://www.mulesoft.org/schema/mule/ee/tracking/current/mule-tracking-ee.xsd
http://www.mulesoft.org/schema/mule/paypal http://www.mulesoft.org/schema/mule/paypal/current/mule-paypal.xsd
http://www.mulesoft.org/schema/mule/ee/dw http://www.mulesoft.org/schema/mule/ee/dw/current/dw.xsd
http://www.mulesoft.org/schema/mule/json http://www.mulesoft.org/schema/mule/json/current/mule-json.xsd">
    <http:listener-config name="HTTP_Listener_Configuration" host="0.0.0.0" port="8081" basePath="paypal" doc:name="HTTP Listener Configuration"/>
    <paypal:config name="PayPal_Connector__configuration__Signature_" username="${config.username}" password="${config.password}" serviceAddress="${config.serviceAddress}" signature="${config.signature}" appId="${config.appId}" doc:name="PayPal Connector: configuration (Signature)"/>
    <flow name="paypal-operations-form-flow">
        <http:listener config-ref="HTTP_Listener_Configuration" path="/" doc:name="HTTP"/>
        <parse-template location="paypal-operations-demo.html" doc:name="Parse Template"/>
        <set-property propertyName="Content-Type" value="text/html" doc:name="Property"/>
    </flow>
    <flow name="getbalance-flow">
        <http:listener config-ref="HTTP_Listener_Configuration" path="/getbalance" doc:name="/getbalance"/>
        <dw:transform-message doc:name="Transform Message">
            <dw:set-payload><![CDATA[%dw 1.0
%output application/xml
%namespace ns0 urn:ebay:api:PayPalAPI
%namespace ns1 urn:ebay:apis:eBLBaseComponents
---
{
	ns0#GetBalanceReq: {
		ns0#GetBalanceRequest: {
			ns1#Version: inboundProperties.'http.query.params'.version
		}
	}
}]]></dw:set-payload>
        </dw:transform-message>
        <logger message="Before -- #[payload]" level="INFO" doc:name="Logger"/>
        <paypal:invoke config-ref="PayPal_Connector__configuration__Signature_" type="PayPalAPI||GetBalance" doc:name="PayPal Connector Get Balance"/>
        <logger message="After -- #[payload]" level="INFO" doc:name="Logger"/>
        <json:xml-to-json-transformer doc:name="XML to JSON"/>
    </flow>
    <flow name="getpaldetails-flow">
        <http:listener config-ref="HTTP_Listener_Configuration" path="/getpaldetails" doc:name="/getpaldetails"/>
        <dw:transform-message doc:name="Transform Message">
            <dw:set-payload><![CDATA[%dw 1.0
%output application/xml
%namespace ns0 urn:ebay:api:PayPalAPI
%namespace ns1 urn:ebay:apis:eBLBaseComponents
---
{
	ns0#GetPalDetailsReq: {
		ns0#GetPalDetailsRequest: {
			ns1#Version: inboundProperties.'http.query.params'.version
		}
	}
}]]></dw:set-payload>
        </dw:transform-message>
        <paypal:invoke config-ref="PayPal_Connector__configuration__Signature_" type="PayPalAPI||GetPalDetails" doc:name="PayPal Connector Get Pal Details"/>
        <json:xml-to-json-transformer doc:name="XML to JSON"/>
    </flow>
</mule>
